day;App/Site Domain Name;Gross Revenue;impressions;Estimated Net Revenue
2023-12-05T00:00:00;marriedceleb.com;0.567683;432;0.454146
2023-12-05T00:00:00;goodcleanhumor.com;0.604266;255;0.483413
2023-12-17T00:00:00;popctrivia.com;0.007121;1;0.005697
2023-12-17T00:00:00;www.golaurens.com;0.659604;408;0.527683
2023-12-17T00:00:00;schoolofwordplay.com;0.379338;161;0.303470
2023-12-09T00:00:00;taxguru.in;0.245573;523;0.196458
2023-12-09T00:00:00;chartink.com;0.011540;9;0.009232
2023-12-09T00:00:00;wordthirst.com;0.782266;516;0.625813
2023-12-09T00:00:00;lazycooking.com;0.762082;183;0.609666
2023-12-09T00:00:00;keralakaumudi.com;1.620525;1883;1.296420
2023-12-09T00:00:00;www.downtoearth.org.in;0.070042;211;0.056034
2023-12-09T00:00:00;www.becauseofthemwecan.com;0.495112;815;0.396090
2023-12-01T00:00:00;recipesaver.com;1.373761;243;1.099009
2023-12-13T00:00:00;ijr.com;0.086882;111;0.069506
2023-12-13T00:00:00;kookmutsjes.com;2.080411;1827;1.664329
2023-12-13T00:00:00;recipereader.com;2.932028;404;2.345622
2023-12-13T00:00:00;heartlandcooking.com;2.215278;525;1.772222
2023-12-13T00:00:00;www.britishmalayali.co.uk;0.077310;204;0.061848
2023-12-06T00:00:00;theprint.in;2.616473;5015;2.093178
2023-12-06T00:00:00;www.binged.com;1.633425;2028;1.306740
2023-12-06T00:00:00;www.timeshighereducation.com;2.342167;1800;1.873734
2023-12-18T00:00:00;glamourfame.com;0.050158;57;0.040126
2023-12-18T00:00:00;recipesdirect.com;0.878256;161;0.702605
2023-12-10T00:00:00;nowtoronto.com;0.578891;654;0.463113
2023-12-10T00:00:00;www.shmoop.com;0.168243;116;0.134594
2023-12-10T00:00:00;www.homernews.com;0.003944;7;0.003155
2023-12-10T00:00:00;www.keralakaumudi.com;0.000368;2;0.000294
2023-12-02T00:00:00;www.flickchart.com;0.837830;892;0.670264
2023-12-14T00:00:00;chartink.com;0.036222;20;0.028978
2023-12-14T00:00:00;wordthirst.com;0.264801;70;0.211841
2023-12-14T00:00:00;www.popctrivia.com;0.477966;132;0.382373
2023-12-14T00:00:00;texashillcountry.com;0.089854;57;0.071883
2023-12-14T00:00:00;www.divyabhaskar.co.in;0.000119;1;0.000095
2023-12-14T00:00:00;www.downtoearth.org.in;0.109486;431;0.087589
2023-12-19T00:00:00;m.thewire.in;0.173880;73;0.139104
2023-12-19T00:00:00;recipesaver.com;1.315116;372;1.052093
2023-12-19T00:00:00;sites.google.com;0.003226;5;0.002581
2023-12-11T00:00:00;thewire.in;0.375337;163;0.300270
2023-12-11T00:00:00;theprint.in;3.020716;5839;2.416573
2023-12-11T00:00:00;britishmalayali.co.uk;0.066262;502;0.053010
2023-12-03T00:00:00;ijr.com;0.066423;85;0.053138
2023-12-03T00:00:00;popctrivia.com;0.033700;3;0.026960
2023-12-03T00:00:00;m.riverbender.com;0.082782;161;0.066226
2023-12-03T00:00:00;epaper.freepressjournal.in;0.019293;17;0.015434
2023-12-15T00:00:00;nowtoronto.com;1.064970;1101;0.851976
2023-12-15T00:00:00;www.shmoop.com;0.312439;156;0.249951
2023-12-15T00:00:00;commandcooking.com;1.791202;426;1.432962
2023-12-15T00:00:00;www.keralakaumudi.com;0.006857;10;0.005486
2023-12-16T00:00:00;ijr.com;0.039842;60;0.031874
2023-12-16T00:00:00;kookmutsjes.com;2.429613;2751;1.943690
2023-12-16T00:00:00;www.elections.in;0.008145;37;0.006516
2023-12-16T00:00:00;schoolofwordplay.com;0.400115;204;0.320092
2023-12-08T00:00:00;glamourfame.com;0.174995;72;0.139996
2023-12-20T00:00:00;theprint.in;0.494919;977;0.395935
2023-12-20T00:00:00;www.timeshighereducation.com;0.279293;363;0.223434
2023-12-12T00:00:00;www.bhaskar.com;0.003852;17;0.003082
2023-12-12T00:00:00;www.rmweb.co.uk;0.028341;41;0.022673
2023-12-12T00:00:00;www.golaurens.com;1.201570;710;0.961256
2023-12-12T00:00:00;www.freepressjournal.in;0.157825;220;0.126260
2023-12-05T00:00:00;chartink.com;0.017183;26;0.013746
2023-12-17T00:00:00;glamourfame.com;0.058629;41;0.046903
2023-12-17T00:00:00;recipesdirect.com;1.295408;252;1.036326
2023-12-09T00:00:00;www.homernews.com;0.007066;7;0.005653
2023-12-01T00:00:00;wordthirst.com;0.236182;158;0.188946
2023-12-01T00:00:00;www.mirchi9.com;0.012604;14;0.010083
2023-12-01T00:00:00;www.popctrivia.com;0.808488;189;0.646790
2023-12-01T00:00:00;texashillcountry.com;0.201650;111;0.161320
2023-12-01T00:00:00;www.becauseofthemwecan.com;2.409993;3473;1.927994
2023-12-13T00:00:00;thewire.in;0.230710;110;0.184568
2023-12-13T00:00:00;easiereats.com;0.322857;86;0.258286
2023-12-13T00:00:00;fr.mapsofworld.com;0.000644;1;0.000515
2023-12-06T00:00:00;www.bhaskar.com;0.004276;19;0.003421
2023-12-06T00:00:00;m.riverbender.com;0.202367;304;0.161894
2023-12-18T00:00:00;www.m9.news;1.891205;1972;1.512964
2023-12-18T00:00:00;recipesaver.com;1.602523;313;1.282018
2023-12-18T00:00:00;www.riverbender.com;0.097617;53;0.078094
2023-12-18T00:00:00;secure.andysautosport.com;0.000552;1;0.000442
2023-12-18T00:00:00;epaper.freepressjournal.in;0.026870;22;0.021496
2023-12-02T00:00:00;nowtoronto.com;0.095634;147;0.076507
2023-12-02T00:00:00;www.shmoop.com;0.192450;146;0.153960
2023-12-02T00:00:00;m.riverbender.com;0.307334;399;0.245867
2023-12-02T00:00:00;commandcooking.com;2.330250;589;1.864200
2023-12-02T00:00:00;www.standartnews.com;0.926383;527;0.741106
2023-12-02T00:00:00;www.andysautosport.com;0.501973;294;0.401578
2023-12-02T00:00:00;www.freepressjournal.in;0.274570;328;0.219656
2023-12-14T00:00:00;funnyeditor.com;0.069287;16;0.055430
2023-12-14T00:00:00;recipereader.com;1.883443;293;1.506754
2023-12-14T00:00:00;www.riverbender.com;0.131291;31;0.105033
2023-12-14T00:00:00;heartlandcooking.com;1.936886;438;1.549509
2023-12-14T00:00:00;www.keralakaumudi.com;0.007616;8;0.006093
2023-12-07T00:00:00;news.php;0.001359;10;0.001087
2023-12-07T00:00:00;thewire.in;0.590507;204;0.472406
2023-12-07T00:00:00;www.flickchart.com;0.694022;752;0.555218
2023-12-19T00:00:00;www.mirchi9.com;0.037927;64;0.030342
2023-12-19T00:00:00;www.westernjournal.com;0.691372;376;0.553098
2023-12-11T00:00:00;www.stilt.com;2.043833;1075;1.635066
2023-12-11T00:00:00;www.golaurens.com;0.779206;427;0.623365
2023-12-11T00:00:00;www.freepressjournal.in;0.205176;299;0.164141
2023-12-03T00:00:00;keralakaumudi.com;1.136478;1513;0.909182
2023-12-15T00:00:00;glamourpath.com;0.101110;100;0.080888
2023-12-15T00:00:00;texashillcountry.com;0.159367;76;0.127494
2023-12-15T00:00:00;britishmalayali.co.uk;0.062277;256;0.049822
2023-12-15T00:00:00;www.becauseofthemwecan.com;3.099612;4280;2.479690
2023-12-04T00:00:00;www.mirchi9.com;0.002280;3;0.001824
2023-12-04T00:00:00;www.popctrivia.com;0.772103;193;0.617682
2023-12-04T00:00:00;britishmalayali.co.uk;0.033276;202;0.026621
2023-12-16T00:00:00;easiereats.com;0.245054;82;0.196043
2023-12-08T00:00:00;mybaseguide.com;0.014719;6;0.011775
2023-12-20T00:00:00;calcsimple.com;0.000414;1;0.000331
2023-12-20T00:00:00;www.thenewsminute.com;0.024019;41;0.019215
2023-12-20T00:00:00;www.freepressjournal.in;0.113345;78;0.090676
2023-12-12T00:00:00;lazycooking.com;0.512931;104;0.410345
2023-12-12T00:00:00;recipesdirect.com;1.520442;201;1.216354
2023-12-12T00:00:00;www.flickchart.com;0.602430;872;0.481944
2023-12-05T00:00:00;m.riverbender.com;0.118429;186;0.094743
2023-12-17T00:00:00;m.thewire.in;0.125809;58;0.100647
2023-12-17T00:00:00;mybaseguide.com;0.002398;2;0.001918
2023-12-17T00:00:00;mamascooking.com;0.914425;190;0.731540
2023-12-17T00:00:00;goodcleanhumor.com;1.715459;405;1.372367
2023-12-17T00:00:00;www.riverbender.com;0.021681;9;0.017345
2023-12-17T00:00:00;www.standartnews.com;1.719212;1097;1.375370
2023-12-09T00:00:00;thewire.in;0.193458;86;0.154766
2023-12-09T00:00:00;glamourpath.com;0.118011;99;0.094409
2023-12-09T00:00:00;www.timeshighereducation.com;1.968166;1892;1.574533
2023-12-01T00:00:00;heartlandcooking.com;0.994390;353;0.795512
2023-12-01T00:00:00;www.freepressjournal.in;0.292726;283;0.234181
2023-12-13T00:00:00;nowtoronto.com;0.734857;751;0.587886
2023-12-13T00:00:00;recipesaver.com;2.201242;354;1.760994
2023-12-13T00:00:00;mamascooking.com;0.840102;122;0.672082
2023-12-13T00:00:00;marriedceleb.com;0.644139;373;0.515311
2023-12-13T00:00:00;www.riverbender.com;0.050278;21;0.040222
2023-12-13T00:00:00;www.keralakaumudi.com;0.004080;8;0.003264
2023-12-06T00:00:00;lazycooking.com;0.316689;101;0.253351
2023-12-06T00:00:00;cookingprofessionally.com;1.986577;587;1.589262
2023-12-18T00:00:00;www.binged.com;1.366403;1768;1.093122
2023-12-10T00:00:00;kookmutsjes.com;3.018879;2996;2.415103
2023-12-10T00:00:00;www.golaurens.com;0.942121;339;0.753697
2023-12-10T00:00:00;www.freepressjournal.in;0.234523;290;0.187618
2023-12-10T00:00:00;epaper.freepressjournal.in;0.021941;23;0.017553
2023-12-02T00:00:00;chartink.com;0.018135;21;0.014508
2023-12-02T00:00:00;glamourfame.com;0.137716;91;0.110173
2023-12-02T00:00:00;keralakaumudi.com;1.328310;1681;1.062648
2023-12-02T00:00:00;texashillcountry.com;0.366921;163;0.293537
2023-12-02T00:00:00;www.divyabhaskar.co.in;0.000047;1;0.000038
2023-12-02T00:00:00;www.downtoearth.org.in;0.070181;280;0.056145
2023-12-14T00:00:00;www.flickchart.com;1.194371;1142;0.955497
2023-12-14T00:00:00;britishmalayali.co.uk;0.038998;201;0.031198
2023-12-07T00:00:00;www.m9.news;1.373364;922;1.098691
2023-12-07T00:00:00;calcsimple.com;0.165942;177;0.132754
2023-12-19T00:00:00;recipereader.com;1.113720;198;0.890976
2023-12-19T00:00:00;www.thenewsminute.com;0.142271;340;0.113817
2023-12-19T00:00:00;www.freepressjournal.in;0.293193;484;0.234554
2023-12-19T00:00:00;www.britishmalayali.co.uk;0.183210;277;0.146568
2023-12-11T00:00:00;recipesdirect.com;0.977432;193;0.781946
2023-12-11T00:00:00;www.popctrivia.com;0.290835;86;0.232668
2023-12-11T00:00:00;cookingprofessionally.com;0.904566;203;0.723653
2023-12-03T00:00:00;www.m9.news;1.011904;731;0.809523
2023-12-03T00:00:00;recipesaver.com;1.462627;303;1.170102
2023-12-03T00:00:00;www.homernews.com;0.004566;11;0.003653
2023-12-03T00:00:00;goodcleanhumor.com;0.677283;127;0.541826
2023-12-03T00:00:00;www.standartnews.com;0.955710;423;0.764568
2023-12-03T00:00:00;www.marunadanmalayalee.com;0.838429;2161;0.670743
2023-12-15T00:00:00;m.riverbender.com;0.176822;229;0.141458
2023-12-15T00:00:00;heartlandcooking.com;2.885216;761;2.308173
2023-12-04T00:00:00;recipereader.com;2.274149;440;1.819319
2023-12-04T00:00:00;epaper.freepressjournal.in;0.047712;27;0.038170
2023-12-16T00:00:00;nowtoronto.com;0.644156;635;0.515325
2023-12-16T00:00:00;www.shmoop.com;0.134575;104;0.107660
2023-12-16T00:00:00;www.andysautosport.com;0.262408;247;0.209926
2023-12-16T00:00:00;www.marunadanmalayalee.com;0.711102;1643;0.568882
2023-12-08T00:00:00;easiereats.com;0.500905;183;0.400724
2023-12-20T00:00:00;taxguru.in;0.030685;65;0.024548
2023-12-20T00:00:00;wordthirst.com;0.003004;8;0.002403
2023-12-20T00:00:00;glamourfame.com;0.006871;8;0.005497
2023-12-12T00:00:00;www.m9.news;1.069301;876;0.855441
2023-12-12T00:00:00;m.thewire.in;0.342311;80;0.273849
2023-12-12T00:00:00;calcsimple.com;0.127681;132;0.102145
2023-12-12T00:00:00;commandcooking.com;2.687064;740;2.149651
2023-12-05T00:00:00;www.binged.com;1.047499;1239;0.837999
2023-12-17T00:00:00;taxguru.in;0.158235;170;0.126588
2023-12-17T00:00:00;texashillcountry.com;0.532688;291;0.426150
2023-12-17T00:00:00;www.westernjournal.com;1.060231;480;0.848185
2023-12-09T00:00:00;www.golaurens.com;0.617763;421;0.494210
2023-12-09T00:00:00;www.freepressjournal.in;0.170408;161;0.136326
2023-12-09T00:00:00;www.britishmalayali.co.uk;0.229083;1153;0.183266
2023-12-01T00:00:00;keralakaumudi.com;1.766023;1889;1.412818
2023-12-01T00:00:00;www.flickchart.com;0.960185;1131;0.768148
2023-12-01T00:00:00;cookingprofessionally.com;1.229210;288;0.983368
2023-12-13T00:00:00;www.mirchi9.com;0.008432;7;0.006746
2023-12-13T00:00:00;www.popctrivia.com;0.513570;177;0.410856
2023-12-13T00:00:00;britishmalayali.co.uk;0.011507;57;0.009206
2023-12-06T00:00:00;www.riverbender.com;0.123206;59;0.098565
2023-12-18T00:00:00;ijr.com;0.051377;70;0.041102
2023-12-18T00:00:00;www.stilt.com;3.518126;1272;2.814501
2023-12-18T00:00:00;www.bhaskar.com;0.008412;37;0.006730
2023-12-18T00:00:00;www.rmweb.co.uk;0.011493;29;0.009194
2023-12-18T00:00:00;mamascooking.com;0.790597;192;0.632478
2023-12-18T00:00:00;www.standartnews.com;1.815516;1284;1.452413
2023-12-18T00:00:00;www.freepressjournal.in;0.541740;686;0.433392
2023-12-10T00:00:00;www.binged.com;1.604968;2160;1.283974
2023-12-10T00:00:00;recipesdirect.com;1.959534;390;1.567627
2023-12-10T00:00:00;www.timeshighereducation.com;1.681746;1712;1.345397
2023-12-02T00:00:00;www.homernews.com;0.004509;6;0.003607
2023-12-02T00:00:00;www.keralakaumudi.com;0.004741;4;0.003793
2023-12-02T00:00:00;epaper.freepressjournal.in;0.041021;39;0.032817
2023-12-14T00:00:00;m.thewire.in;0.360475;139;0.288380
2023-12-14T00:00:00;www.stilt.com;2.635374;936;2.108299
2023-12-14T00:00:00;marriedceleb.com;0.512361;367;0.409889
2023-12-14T00:00:00;m.riverbender.com;0.122932;228;0.098346
2023-12-14T00:00:00;commandcooking.com;1.533993;435;1.227194
2023-12-14T00:00:00;www.britishmalayali.co.uk;0.075061;254;0.060049
2023-12-07T00:00:00;wordthirst.com;0.457736;277;0.366189
2023-12-07T00:00:00;www.casebriefs.com;0.014295;2;0.011436
2023-12-07T00:00:00;www.westernjournal.com;0.592959;321;0.474367
2023-12-19T00:00:00;easiereats.com;0.114064;42;0.091251
2023-12-11T00:00:00;funnyeditor.com;0.231462;42;0.185170
2023-12-11T00:00:00;schoolofwordplay.com;0.190602;137;0.152482
2023-12-03T00:00:00;www.mirchi9.com;0.015295;10;0.012236
2023-12-03T00:00:00;texashillcountry.com;0.336875;202;0.269500
2023-12-03T00:00:00;britishmalayali.co.uk;0.043256;268;0.034605
2023-12-03T00:00:00;www.downtoearth.org.in;0.096994;272;0.077595
2023-12-15T00:00:00;www.binged.com;1.935041;2296;1.548033
2023-12-15T00:00:00;keralakaumudi.com;1.984587;2128;1.587670
2023-12-04T00:00:00;www.flickchart.com;0.665078;644;0.532062
2023-12-16T00:00:00;texashillcountry.com;0.171391;97;0.137113
2023-12-16T00:00:00;www.divyabhaskar.co.in;0.000150;3;0.000120
2023-12-16T00:00:00;www.downtoearth.org.in;0.062799;199;0.050239
2023-12-16T00:00:00;www.becauseofthemwecan.com;0.811628;1254;0.649302
2023-12-08T00:00:00;ijr.com;0.088318;106;0.070654
2023-12-08T00:00:00;m.thewire.in;0.184422;81;0.147538
2023-12-08T00:00:00;nowtoronto.com;0.332322;285;0.265858
2023-12-08T00:00:00;www.bhaskar.com;0.005418;26;0.004334
2023-12-08T00:00:00;www.thenewsminute.com;0.208873;480;0.167098
2023-12-08T00:00:00;www.marunadanmalayalee.com;0.956917;2355;0.765534
2023-12-20T00:00:00;recipereader.com;0.168091;26;0.134473
2023-12-12T00:00:00;www.westernjournal.com;0.650019;331;0.520015
2023-12-05T00:00:00;m.thewire.in;0.278399;115;0.222719
2023-12-05T00:00:00;funnyeditor.com;0.140281;22;0.112225
2023-12-05T00:00:00;www.riverbender.com;0.091764;50;0.073411
2023-12-05T00:00:00;www.standartnews.com;0.675769;556;0.540615
2023-12-17T00:00:00;m.riverbender.com;0.055610;93;0.044488
2023-12-17T00:00:00;www.freepressjournal.in;0.658397;779;0.526718
2023-12-17T00:00:00;epaper.freepressjournal.in;0.038804;29;0.031043
2023-12-09T00:00:00;recipesdirect.com;1.032723;236;0.826178
2023-12-01T00:00:00;www.homernews.com;0.004722;9;0.003778
2023-12-01T00:00:00;commandcooking.com;1.703814;380;1.363051
2023-12-01T00:00:00;www.riverbender.com;0.134909;57;0.107927
2023-12-01T00:00:00;www.keralakaumudi.com;0.003021;3;0.002417
2023-12-13T00:00:00;popctrivia.com;0.028333;1;0.022666
2023-12-13T00:00:00;www.elections.in;0.001212;9;0.000970
2023-12-13T00:00:00;m.riverbender.com;0.089173;162;0.071338
2023-12-13T00:00:00;schoolofwordplay.com;0.117837;50;0.094270
2023-12-06T00:00:00;easiereats.com;0.289431;105;0.231545
2023-12-06T00:00:00;glamourpath.com;0.121063;117;0.096850
2023-12-06T00:00:00;www.flickchart.com;0.780469;779;0.624375
2023-12-18T00:00:00;lazycooking.com;0.430870;66;0.344696
2023-12-18T00:00:00;texashillcountry.com;0.196170;123;0.156936
2023-12-18T00:00:00;www.divyabhaskar.co.in;0.001214;6;0.000971
2023-12-10T00:00:00;m.thewire.in;0.312525;115;0.250020
2023-12-10T00:00:00;mamascooking.com;3.568220;684;2.854576
2023-12-02T00:00:00;thewire.in;0.575277;250;0.460222
2023-12-02T00:00:00;www.binged.com;1.500239;2388;1.200191
2023-12-02T00:00:00;britishmalayali.co.uk;0.067844;430;0.054275
2023-12-14T00:00:00;glamourfame.com;0.074179;44;0.059343
2023-12-14T00:00:00;keralakaumudi.com;1.376634;1727;1.101307
2023-12-14T00:00:00;www.becauseofthemwecan.com;1.811819;2807;1.449455
2023-12-07T00:00:00;www.stilt.com;1.444802;709;1.155842
2023-12-07T00:00:00;kookmutsjes.com;1.238865;1335;0.991092
2023-12-07T00:00:00;www.thenewsminute.com;0.437075;757;0.349660
2023-12-19T00:00:00;www.avsim.com;0.600144;941;0.480115
2023-12-19T00:00:00;marriedceleb.com;0.584230;506;0.467384
2023-12-19T00:00:00;www.standartnews.com;1.613415;1072;1.290732
2023-12-19T00:00:00;www.andysautosport.com;0.230787;242;0.184630
2023-12-11T00:00:00;news.php;0.000210;1;0.000168
2023-12-11T00:00:00;glamourpath.com;0.081437;64;0.065150
2023-12-11T00:00:00;www.flickchart.com;0.709294;885;0.567435
2023-12-03T00:00:00;www.stilt.com;2.092002;947;1.673602
2023-12-03T00:00:00;www.golaurens.com;0.982695;871;0.786156
2023-12-15T00:00:00;www.avsim.com;0.637413;809;0.509930
2023-12-15T00:00:00;recipesaver.com;2.316142;386;1.852914
2023-12-15T00:00:00;www.homernews.com;0.007974;13;0.006379
2023-12-04T00:00:00;www.m9.news;0.738015;565;0.590412
2023-12-04T00:00:00;marriedceleb.com;0.645598;532;0.516478
2023-12-04T00:00:00;commandcooking.com;1.862600;578;1.490080
2023-12-04T00:00:00;www.riverbender.com;0.195110;59;0.156088
2023-12-04T00:00:00;www.standartnews.com;0.756470;488;0.605176
2023-12-04T00:00:00;www.andysautosport.com;0.610577;408;0.488462
2023-12-16T00:00:00;heartlandcooking.com;2.398925;647;1.919140
2023-12-08T00:00:00;lazycooking.com;0.995550;195;0.796440
2023-12-08T00:00:00;www.popctrivia.com;3.363324;687;2.690659
2023-12-08T00:00:00;www.westernjournal.com;0.704117;366;0.563294
2023-12-08T00:00:00;www.becauseofthemwecan.com;1.250625;1101;1.000500
2023-12-20T00:00:00;thewire.in;0.038105;11;0.030484
2023-12-12T00:00:00;ijr.com;0.151578;154;0.121262
2023-12-12T00:00:00;kookmutsjes.com;1.171403;1273;0.937122
2023-12-12T00:00:00;recipereader.com;5.018850;698;4.015080
2023-12-12T00:00:00;schoolofwordplay.com;0.177091;80;0.141673
2023-12-05T00:00:00;glamourpath.com;0.115182;121;0.092146
2023-12-05T00:00:00;www.westernjournal.com;0.993305;609;0.794644
2023-12-17T00:00:00;thewire.in;0.151429;59;0.121143
2023-12-09T00:00:00;recipesaver.com;2.105706;507;1.684565
2023-12-09T00:00:00;recipereader.com;3.241345;749;2.593076
2023-12-09T00:00:00;epaper.freepressjournal.in;0.010198;13;0.008158
2023-12-01T00:00:00;theprint.in;4.193667;10547;3.354934
2023-12-01T00:00:00;britishmalayali.co.uk;0.067990;464;0.054392
2023-12-13T00:00:00;latest.php;0.000734;4;0.000587
2023-12-13T00:00:00;keralakaumudi.com;1.814999;2005;1.451999
2023-12-13T00:00:00;www.flickchart.com;0.571000;688;0.456800
2023-12-13T00:00:00;www.timeshighereducation.com;1.915577;1565;1.532462
2023-12-06T00:00:00;m.thewire.in;0.278021;117;0.222417
2023-12-06T00:00:00;www.standartnews.com;0.880025;545;0.704020
2023-12-06T00:00:00;www.thenewsminute.com;0.377469;810;0.301975
2023-12-10T00:00:00;theprint.in;1.907384;4093;1.525907
2023-12-10T00:00:00;www.popctrivia.com;1.142876;235;0.914301
2023-12-10T00:00:00;www.westernjournal.com;1.069665;457;0.855732
2023-12-02T00:00:00;ijr.com;0.094190;111;0.075352
2023-12-02T00:00:00;www.bhaskar.com;0.002864;9;0.002291
2023-12-02T00:00:00;www.golaurens.com;1.685262;904;1.348210
2023-12-02T00:00:00;goodcleanhumor.com;0.533231;97;0.426585
2023-12-02T00:00:00;www.marunadanmalayalee.com;0.854030;2238;0.683224
2023-12-14T00:00:00;mybaseguide.com;0.002625;1;0.002100
2023-12-14T00:00:00;www.elections.in;0.000893;11;0.000714
2023-12-14T00:00:00;www.homernews.com;0.045716;49;0.036573
2023-12-19T00:00:00;wordthirst.com;0.072817;63;0.058254
2023-12-19T00:00:00;www.casebriefs.com;0.014740;2;0.011792
2023-12-19T00:00:00;www.mybaseguide.com;0.012347;3;0.009878
2023-12-19T00:00:00;www.divyabhaskar.co.in;0.001042;1;0.000834
2023-12-19T00:00:00;www.downtoearth.org.in;0.108569;311;0.086855
2023-12-11T00:00:00;calcsimple.com;0.163935;141;0.131148
2023-12-11T00:00:00;mamascooking.com;3.253975;721;2.603180
2023-12-11T00:00:00;commandcooking.com;2.645071;575;2.116057
2023-12-11T00:00:00;www.thenewsminute.com;0.386567;513;0.309254
2023-12-03T00:00:00;recipesdirect.com;2.400385;535;1.920308
2023-12-03T00:00:00;www.timeshighereducation.com;1.607767;1618;1.286214
2023-12-15T00:00:00;taxguru.in;0.077846;135;0.062277
2023-12-15T00:00:00;theprint.in;2.712013;5528;2.169610
2023-12-15T00:00:00;www.mirchi9.com;0.013897;16;0.011118
2023-12-15T00:00:00;www.westernjournal.com;0.839557;494;0.671646
2023-12-04T00:00:00;texashillcountry.com;0.454642;192;0.363714
2023-12-16T00:00:00;www.binged.com;1.679578;2220;1.343662
2023-12-16T00:00:00;glamourfame.com;0.081713;64;0.065370
2023-12-16T00:00:00;www.flickchart.com;0.979393;1478;0.783514
2023-12-08T00:00:00;popctrivia.com;0.003809;2;0.003047
2023-12-20T00:00:00;www.stilt.com;0.508709;207;0.406967
2023-12-20T00:00:00;nowtoronto.com;0.053250;69;0.042600
2023-12-20T00:00:00;www.shmoop.com;0.033581;28;0.026865
2023-12-20T00:00:00;www.bhaskar.com;0.000455;6;0.000364
2023-12-20T00:00:00;www.rmweb.co.uk;0.000898;5;0.000718
2023-12-20T00:00:00;www.standartnews.com;0.260583;233;0.208466
2023-12-20T00:00:00;www.britishmalayali.co.uk;0.027097;67;0.021678
2023-12-12T00:00:00;cookingprofessionally.com;1.519190;251;1.215352
2023-12-05T00:00:00;ijr.com;0.078975;74;0.063180
2023-12-05T00:00:00;www.britishmalayali.co.uk;0.250968;1389;0.200774
2023-12-17T00:00:00;www.m9.news;1.323591;1359;1.058873
2023-12-17T00:00:00;calcsimple.com;0.243798;97;0.195038
2023-12-17T00:00:00;use.shmoop.com;0.002458;3;0.001966
2023-12-17T00:00:00;funnyeditor.com;0.537094;112;0.429675
2023-12-09T00:00:00;news.php;0.000078;1;0.000062
2023-12-09T00:00:00;www.mirchi9.com;0.000636;3;0.000509
2023-12-01T00:00:00;kookmutsjes.com;2.060151;2221;1.648121
2023-12-01T00:00:00;recipereader.com;2.633655;317;2.106924
2023-12-01T00:00:00;www.golaurens.com;0.994049;793;0.795239
2023-12-01T00:00:00;epaper.freepressjournal.in;0.009392;15;0.007514
2023-12-13T00:00:00;www.m9.news;0.788615;639;0.630892
2023-12-13T00:00:00;www.homernews.com;0.005828;8;0.004662
2023-12-13T00:00:00;commandcooking.com;3.304021;834;2.643217
2023-12-13T00:00:00;www.standartnews.com;1.192495;729;0.953996
2023-12-13T00:00:00;www.marunadanmalayalee.com;0.664884;1541;0.531907
2023-12-06T00:00:00;wordthirst.com;0.864283;471;0.691426
2023-12-06T00:00:00;www.casebriefs.com;0.013966;3;0.011173
2023-12-18T00:00:00;easiereats.com;0.107929;31;0.086343
2023-12-18T00:00:00;dev.kookmutsjes.com;0.000255;1;0.000204
2023-12-18T00:00:00;www.timeshighereducation.com;1.583057;1599;1.266446
2023-12-10T00:00:00;www.stilt.com;1.224598;673;0.979678
2023-12-10T00:00:00;heartlandcooking.com;3.612526;1064;2.890021
2023-12-10T00:00:00;www.thenewsminute.com;0.199616;342;0.159693
2023-12-10T00:00:00;www.britishmalayali.co.uk;0.376483;2420;0.301186
2023-12-02T00:00:00;lazycooking.com;1.797102;303;1.437682
2023-12-02T00:00:00;recipesdirect.com;2.969090;689;2.375272
2023-12-02T00:00:00;cookingprofessionally.com;2.174641;419;1.739713
2023-12-07T00:00:00;nowtoronto.com;0.400297;393;0.320238
2023-12-07T00:00:00;www.shmoop.com;0.235576;156;0.188461
2023-12-07T00:00:00;funnyeditor.com;0.116546;25;0.093237
2023-12-07T00:00:00;www.andysautosport.com;0.640370;385;0.512296
2023-12-07T00:00:00;www.marunadanmalayalee.com;0.809255;2505;0.647404
2023-12-19T00:00:00;popctrivia.com;0.027814;1;0.022251
2023-12-19T00:00:00;kookmutsjes.com;2.782717;3069;2.226174
2023-12-19T00:00:00;www.elections.in;0.001127;11;0.000902
2023-12-11T00:00:00;taxguru.in;0.658038;1428;0.526430
2023-12-11T00:00:00;wordthirst.com;0.288617;157;0.230894
2023-12-11T00:00:00;glamourfame.com;0.085597;56;0.068478
2023-12-11T00:00:00;texashillcountry.com;0.207764;79;0.166211
2023-12-03T00:00:00;m.thewire.in;0.381211;160;0.304969
2023-12-03T00:00:00;calcsimple.com;0.118800;71;0.095040
2023-12-03T00:00:00;mamascooking.com;1.517317;328;1.213854
2023-12-15T00:00:00;www.golaurens.com;1.040523;577;0.832418
2023-12-15T00:00:00;www.britishmalayali.co.uk;0.107940;224;0.086352
2023-12-15T00:00:00;epaper.freepressjournal.in;0.007501;14;0.006001
2023-12-16T00:00:00;mybaseguide.com;0.007277;4;0.005822
2023-12-16T00:00:00;mamascooking.com;1.209908;218;0.967926
2023-12-08T00:00:00;glamourpath.com;0.097198;66;0.077758
2023-12-20T00:00:00;chartink.com;0.032791;19;0.026233
2023-12-20T00:00:00;lazycooking.com;0.018475;10;0.014780
2023-12-20T00:00:00;www.popctrivia.com;0.011217;5;0.008974
2023-12-20T00:00:00;cookingprofessionally.com;0.126931;25;0.101545
2023-12-12T00:00:00;nowtoronto.com;1.171736;1342;0.937389
2023-12-12T00:00:00;www.shmoop.com;0.362889;273;0.290311
2023-12-12T00:00:00;recipesaver.com;2.109234;333;1.687387
2023-12-12T00:00:00;marriedceleb.com;1.000299;422;0.800239
2023-12-12T00:00:00;goodcleanhumor.com;1.981034;551;1.584827
2023-12-12T00:00:00;www.andysautosport.com;0.301477;279;0.241182
2023-12-05T00:00:00;easiereats.com;0.309484;113;0.247587
2023-12-05T00:00:00;glamourfame.com;0.113115;110;0.090492
2023-12-05T00:00:00;www.flickchart.com;0.664301;779;0.531441
2023-12-17T00:00:00;wordthirst.com;0.208171;99;0.166537
2023-12-17T00:00:00;glamourpath.com;0.169586;124;0.135669
2023-12-17T00:00:00;www.downtoearth.org.in;0.102476;286;0.081981
2023-12-09T00:00:00;calcsimple.com;0.058686;63;0.046949
2023-12-09T00:00:00;www.rmweb.co.uk;0.025084;44;0.020067
2023-12-09T00:00:00;marriedceleb.com;0.937880;597;0.750304
2023-12-09T00:00:00;m.riverbender.com;0.201100;225;0.160880
2023-12-09T00:00:00;www.thenewsminute.com;0.307116;319;0.245693
2023-12-01T00:00:00;news.php;0.000384;1;0.000307
2023-12-01T00:00:00;recipesdirect.com;1.530457;293;1.224366
2023-12-13T00:00:00;texashillcountry.com;0.233072;115;0.186458
2023-12-13T00:00:00;www.westernjournal.com;0.747160;365;0.597728
2023-12-13T00:00:00;www.becauseofthemwecan.com;1.142294;1820;0.913835
2023-12-06T00:00:00;popctrivia.com;0.002700;1;0.002160
2023-12-06T00:00:00;recipesaver.com;0.862650;186;0.690120
2023-12-18T00:00:00;nowtoronto.com;0.232676;303;0.186141
2023-12-18T00:00:00;www.shmoop.com;0.156162;146;0.124930
2023-12-18T00:00:00;kookmutsjes.com;2.625616;2910;2.100493
2023-12-10T00:00:00;thewire.in;0.265127;125;0.212102
2023-12-10T00:00:00;easiereats.com;0.542140;170;0.433712
2023-12-10T00:00:00;glamourfame.com;0.115199;62;0.092159
2023-12-10T00:00:00;www.flickchart.com;0.514975;616;0.411980
2023-12-02T00:00:00;recipereader.com;2.271647;374;1.817318
2023-12-14T00:00:00;www.bhaskar.com;0.002853;20;0.002282
2023-12-14T00:00:00;www.rmweb.co.uk;0.028425;62;0.022740
2023-12-14T00:00:00;www.golaurens.com;1.034197;475;0.827358
2023-12-14T00:00:00;www.standartnews.com;1.198643;873;0.958914
2023-12-07T00:00:00;theprint.in;3.127123;4938;2.501698
2023-12-07T00:00:00;www.popctrivia.com;1.507857;364;1.206286
2023-12-07T00:00:00;www.divyabhaskar.co.in;0.000501;2;0.000401
2023-12-07T00:00:00;www.downtoearth.org.in;0.112836;327;0.090269
2023-12-07T00:00:00;www.becauseofthemwecan.com;1.210274;1567;0.968219
2023-12-19T00:00:00;dev1.theprint.in;0.000210;4;0.000168
2023-12-19T00:00:00;www.timeshighereducation.com;1.879686;2152;1.503749
2023-12-11T00:00:00;www.avsim.com;0.536568;683;0.429254
2023-12-11T00:00:00;recipesaver.com;2.279508;368;1.823606
2023-12-11T00:00:00;heartlandcooking.com;2.099413;587;1.679530
2023-12-03T00:00:00;theprint.in;4.312697;9515;3.450158
2023-12-03T00:00:00;wordthirst.com;0.238423;139;0.190738
2023-12-15T00:00:00;news.php;0.001959;8;0.001567
2023-12-15T00:00:00;thewire.in;0.248794;95;0.199035
2023-12-15T00:00:00;easiereats.com;0.291658;89;0.233326
2023-12-15T00:00:00;recipesdirect.com;1.049670;208;0.839736
2023-12-04T00:00:00;news.php;0.000346;2;0.000277
2023-12-04T00:00:00;thewire.in;1.058102;377;0.846482
2023-12-04T00:00:00;keralakaumudi.com;1.494778;1799;1.195822
2023-12-16T00:00:00;theprint.in;1.841362;3729;1.473090
2023-12-16T00:00:00;chartink.com;0.025749;14;0.020599
2023-12-16T00:00:00;www.casebriefs.com;0.004958;1;0.003966
2023-12-08T00:00:00;commandcooking.com;3.906780;983;3.125424
2023-12-08T00:00:00;www.freepressjournal.in;0.082074;74;0.065659
2023-12-20T00:00:00;www.riverbender.com;0.002766;1;0.002213
2023-12-20T00:00:00;www.keralakaumudi.com;0.000296;2;0.000237
2023-12-12T00:00:00;theprint.in;2.776012;5034;2.220810
2023-12-12T00:00:00;www.mirchi9.com;0.003206;10;0.002565
2023-12-12T00:00:00;texashillcountry.com;0.107515;53;0.086012
2023-12-12T00:00:00;www.divyabhaskar.co.in;0.000232;1;0.000186
2023-12-12T00:00:00;www.downtoearth.org.in;0.204535;500;0.163628
2023-12-05T00:00:00;www.m9.news;1.013229;699;0.810583
2023-12-05T00:00:00;www.avsim.com;0.636437;846;0.509150
2023-12-05T00:00:00;nowtoronto.com;0.378341;369;0.302673
2023-12-05T00:00:00;www.shmoop.com;0.446308;204;0.357046
2023-12-05T00:00:00;recipesaver.com;0.816112;170;0.652890
2023-12-05T00:00:00;mamascooking.com;1.511136;294;1.208909
2023-12-05T00:00:00;www.andysautosport.com;0.848298;643;0.678638
2023-12-17T00:00:00;ijr.com;0.055133;73;0.044106
2023-12-17T00:00:00;www.stilt.com;2.209944;1115;1.767955
2023-12-09T00:00:00;www.popctrivia.com;2.002888;489;1.602310
2023-12-01T00:00:00;www.m9.news;1.525252;1336;1.220202
2023-12-01T00:00:00;m.thewire.in;0.306243;138;0.244994
2023-12-01T00:00:00;www.avsim.com;0.646756;791;0.517405
2023-12-01T00:00:00;calcsimple.com;0.419169;390;0.335335
2023-12-01T00:00:00;funnyeditor.com;0.082421;16;0.065937
2023-12-01T00:00:00;marriedceleb.com;0.581858;443;0.465486
2023-12-01T00:00:00;goodcleanhumor.com;0.370675;69;0.296540
2023-12-01T00:00:00;www.standartnews.com;0.914698;495;0.731758
2023-12-01T00:00:00;www.marunadanmalayalee.com;1.004788;2554;0.803830
2023-12-13T00:00:00;www.stilt.com;2.090540;820;1.672432
2023-12-13T00:00:00;www.golaurens.com;0.526910;489;0.421528
2023-12-13T00:00:00;www.mapsofworld.com;0.000066;1;0.000053
2023-12-06T00:00:00;thewire.in;0.408313;181;0.326650
2023-12-06T00:00:00;www.mirchi9.com;0.008817;5;0.007054
2023-12-06T00:00:00;fr.mapsofworld.com;0.001070;1;0.000856
2023-12-18T00:00:00;chartink.com;0.033810;21;0.027048
2023-12-10T00:00:00;www.m9.news;0.779467;618;0.623574
2023-12-10T00:00:00;mybaseguide.com;0.037908;8;0.030326
2023-12-10T00:00:00;commandcooking.com;3.011343;691;2.409074
2023-12-10T00:00:00;www.andysautosport.com;0.271182;199;0.216946
2023-12-02T00:00:00;easiereats.com;0.450942;196;0.360754
2023-12-02T00:00:00;glamourpath.com;0.228692;157;0.182954
2023-12-14T00:00:00;lazycooking.com;0.795283;135;0.636226
2023-12-14T00:00:00;recipesdirect.com;1.166509;200;0.933207
2023-12-07T00:00:00;ijr.com;0.175315;106;0.140252
2023-12-07T00:00:00;recipereader.com;1.890249;467;1.512199
2023-12-07T00:00:00;schoolofwordplay.com;0.874506;497;0.699605
2023-12-07T00:00:00;www.freepressjournal.in;0.074823;93;0.059858
2023-12-19T00:00:00;www.m9.news;1.729164;1726;1.383331
2023-12-19T00:00:00;funnyeditor.com;0.463611;87;0.370889
2023-12-19T00:00:00;www.riverbender.com;0.113946;54;0.091157
2023-12-19T00:00:00;www.keralakaumudi.com;0.000178;2;0.000142
2023-12-03T00:00:00;kookmutsjes.com;0.908272;1024;0.726618
2023-12-15T00:00:00;www.m9.news;1.171967;935;0.937574
2023-12-15T00:00:00;www.riverbender.com;0.066393;32;0.053114
2023-12-15T00:00:00;www.standartnews.com;2.188126;1483;1.750501
2023-12-15T00:00:00;www.andysautosport.com;0.240839;185;0.192671
2023-12-15T00:00:00;www.marunadanmalayalee.com;0.619428;1476;0.495542
2023-12-04T00:00:00;www.avsim.com;0.405540;559;0.324432
2023-12-04T00:00:00;calcsimple.com;0.253175;223;0.202540
2023-12-04T00:00:00;funnyeditor.com;0.044385;12;0.035508
2023-12-04T00:00:00;www.homernews.com;0.004920;12;0.003936
2023-12-04T00:00:00;www.keralakaumudi.com;0.002391;3;0.001913
2023-12-16T00:00:00;www.stilt.com;3.165974;900;2.532779
2023-12-16T00:00:00;m.riverbender.com;0.098706;141;0.078965
2023-12-16T00:00:00;www.freepressjournal.in;0.226355;279;0.181084
2023-12-16T00:00:00;www.britishmalayali.co.uk;0.114380;285;0.091504
2023-12-16T00:00:00;epaper.freepressjournal.in;0.012136;17;0.009709
2023-12-08T00:00:00;chartink.com;0.012469;16;0.009975
2023-12-08T00:00:00;www.downtoearth.org.in;0.119295;284;0.095436
2023-12-20T00:00:00;www.binged.com;0.203581;253;0.162865
2023-12-20T00:00:00;glamourpath.com;0.008404;4;0.006723
2023-12-20T00:00:00;www.flickchart.com;0.059081;99;0.047265
2023-12-20T00:00:00;britishmalayali.co.uk;0.010241;27;0.008193
2023-12-12T00:00:00;www.stilt.com;2.336020;976;1.868816
2023-12-12T00:00:00;www.elections.in;0.002066;7;0.001653
2023-12-12T00:00:00;heartlandcooking.com;1.996020;484;1.596816
2023-12-05T00:00:00;www.casebriefs.com;0.013035;4;0.010428
2023-12-05T00:00:00;www.downtoearth.org.in;0.117199;347;0.093759
2023-12-17T00:00:00;cookingprofessionally.com;1.533023;311;1.226418
2023-12-09T00:00:00;schoolofwordplay.com;0.569887;320;0.455910
2023-12-01T00:00:00;www.westernjournal.com;1.252066;749;1.001653
2023-12-13T00:00:00;news.php;0.006049;44;0.004839
2023-12-13T00:00:00;recipesdirect.com;0.998376;148;0.798701
2023-12-06T00:00:00;www.stilt.com;1.774588;769;1.419670
2023-12-06T00:00:00;mamascooking.com;0.994645;235;0.795716
2023-12-06T00:00:00;marriedceleb.com;0.724366;592;0.579493
2023-12-06T00:00:00;www.freepressjournal.in;0.090342;148;0.072274
2023-12-06T00:00:00;www.britishmalayali.co.uk;0.160759;918;0.128607
2023-12-06T00:00:00;www.marunadanmalayalee.com;0.802159;2264;0.641727
2023-12-18T00:00:00;www.avsim.com;0.818032;1041;0.654426
2023-12-18T00:00:00;www.keralakaumudi.com;0.006905;15;0.005524
2023-12-10T00:00:00;chartink.com;0.036413;27;0.029130
2023-12-10T00:00:00;www.divyabhaskar.co.in;0.000894;1;0.000715
2023-12-10T00:00:00;www.downtoearth.org.in;0.148164;321;0.118531
2023-12-02T00:00:00;www.stilt.com;1.901885;731;1.521508
2023-12-02T00:00:00;marriedceleb.com;0.571442;464;0.457154
2023-12-14T00:00:00;www.avsim.com;0.763401;809;0.610721
2023-12-14T00:00:00;epaper.freepressjournal.in;0.008606;12;0.006885
2023-12-07T00:00:00;www.binged.com;1.747836;2021;1.398269
2023-12-07T00:00:00;glamourfame.com;0.063969;54;0.051175
2023-12-19T00:00:00;taxguru.in;0.129262;266;0.103410
2023-12-19T00:00:00;www.popctrivia.com;0.306744;106;0.245395
2023-12-19T00:00:00;britishmalayali.co.uk;0.127311;430;0.101849
2023-12-11T00:00:00;ijr.com;0.134439;155;0.107551
2023-12-11T00:00:00;www.bhaskar.com;0.002100;7;0.001680
2023-12-11T00:00:00;www.rmweb.co.uk;0.028240;27;0.022592
2023-12-11T00:00:00;goodcleanhumor.com;2.549011;550;2.039209
2023-12-11T00:00:00;www.britishmalayali.co.uk;0.289441;1931;0.231553
2023-12-03T00:00:00;cookingprofessionally.com;5.160392;1087;4.128314
2023-12-15T00:00:00;chartink.com;0.032658;24;0.026126
2023-12-15T00:00:00;wordthirst.com;0.134319;84;0.107455
2023-12-15T00:00:00;www.downtoearth.org.in;0.110500;263;0.088400
2023-12-04T00:00:00;theprint.in;3.878397;9758;3.102718
2023-12-04T00:00:00;chartink.com;0.012749;11;0.010199
2023-12-04T00:00:00;wordthirst.com;0.509023;246;0.407218
2023-12-04T00:00:00;glamourpath.com;0.067156;65;0.053725
2023-12-04T00:00:00;academic-cms.prd.the-internal.com;0.000283;1;0.000226
2023-12-16T00:00:00;keralakaumudi.com;1.231433;1672;0.985146
2023-12-16T00:00:00;cookingprofessionally.com;0.914488;211;0.731590
2023-12-08T00:00:00;recipesaver.com;2.224835;443;1.779868
2023-12-08T00:00:00;recipereader.com;5.122203;1207;4.097762
2023-12-08T00:00:00;www.riverbender.com;0.082181;36;0.065745
2023-12-08T00:00:00;schoolofwordplay.com;0.681112;396;0.544890
2023-12-08T00:00:00;www.keralakaumudi.com;0.001490;2;0.001192
2023-12-08T00:00:00;epaper.freepressjournal.in;0.133000;37;0.106400
2023-12-20T00:00:00;m.thewire.in;0.024410;12;0.019528
2023-12-20T00:00:00;commandcooking.com;0.174709;53;0.139767
2023-12-20T00:00:00;www.marunadanmalayalee.com;0.134103;296;0.107282
2023-12-12T00:00:00;www.binged.com;1.761507;2164;1.409206
2023-12-12T00:00:00;www.timeshighereducation.com;1.818477;1647;1.454782
2023-12-05T00:00:00;www.bhaskar.com;0.000906;5;0.000725
2023-12-05T00:00:00;www.freepressjournal.in;0.275400;334;0.220320
2023-12-17T00:00:00;nowtoronto.com;0.497336;318;0.397869
2023-12-17T00:00:00;www.shmoop.com;0.188490;151;0.150792
2023-12-17T00:00:00;recipesaver.com;1.497378;296;1.197902
2023-12-17T00:00:00;www.keralakaumudi.com;0.005036;3;0.004029
2023-12-09T00:00:00;www.flickchart.com;0.553505;618;0.442804
2023-12-01T00:00:00;ijr.com;0.392437;206;0.313950
2023-12-01T00:00:00;m.riverbender.com;0.294227;386;0.235382
2023-12-01T00:00:00;www.britishmalayali.co.uk;0.118168;481;0.094534
2023-12-13T00:00:00;calcsimple.com;0.162803;178;0.130242
2023-12-13T00:00:00;funnyeditor.com;0.208324;27;0.166659
2023-12-13T00:00:00;www.andysautosport.com;0.543784;292;0.435027
2023-12-06T00:00:00;chartink.com;0.019435;21;0.015548
2023-12-06T00:00:00;www.popctrivia.com;1.698223;483;1.358578
2023-12-06T00:00:00;www.becauseofthemwecan.com;1.789410;2068;1.431528
2023-12-18T00:00:00;www.mirchi9.com;0.055674;100;0.044539
2023-12-18T00:00:00;britishmalayali.co.uk;0.080777;156;0.064622
2023-12-18T00:00:00;academic-cms.prd.the-internal.com;0.000439;1;0.000351
2023-12-10T00:00:00;schoolofwordplay.com;0.195718;101;0.156574
2023-12-02T00:00:00;wordthirst.com;0.134655;95;0.107724
2023-12-14T00:00:00;easiereats.com;0.571228;154;0.456982
2023-12-14T00:00:00;glamourpath.com;0.065552;67;0.052442
2023-12-07T00:00:00;www.avsim.com;0.472605;781;0.378084
2023-12-07T00:00:00;mybaseguide.com;0.011962;3;0.009570
2023-12-07T00:00:00;marriedceleb.com;0.771238;498;0.616990
2023-12-07T00:00:00;commandcooking.com;6.473850;2065;5.179080
2023-12-07T00:00:00;www.riverbender.com;0.077594;48;0.062075
2023-12-19T00:00:00;www.glamourpath.com;0.000370;1;0.000296
2023-12-11T00:00:00;chartink.com;0.028540;21;0.022832
2023-12-11T00:00:00;lazycooking.com;0.753630;168;0.602904
2023-12-03T00:00:00;www.avsim.com;0.457962;612;0.366370
2023-12-03T00:00:00;nowtoronto.com;0.293511;274;0.234809
2023-12-03T00:00:00;www.shmoop.com;0.329728;218;0.263782
2023-12-03T00:00:00;www.riverbender.com;0.018882;11;0.015106
2023-12-03T00:00:00;www.keralakaumudi.com;0.000882;1;0.000706
2023-12-03T00:00:00;www.andysautosport.com;0.456695;372;0.365356
2023-12-15T00:00:00;ijr.com;0.136346;155;0.109077
2023-12-15T00:00:00;popctrivia.com;0.022611;8;0.018089
2023-12-15T00:00:00;kookmutsjes.com;1.855691;1725;1.484553
2023-12-15T00:00:00;recipereader.com;2.559440;430;2.047552
2023-12-04T00:00:00;ijr.com;0.098878;119;0.079102
2023-12-04T00:00:00;www.golaurens.com;1.180381;824;0.944305
2023-12-16T00:00:00;www.m9.news;1.412680;1017;1.130144
2023-12-16T00:00:00;m.thewire.in;0.240994;91;0.192795
2023-12-16T00:00:00;calcsimple.com;0.096148;81;0.076918
2023-12-16T00:00:00;funnyeditor.com;0.526025;113;0.420820
2023-12-16T00:00:00;www.homernews.com;0.023913;18;0.019130
2023-12-16T00:00:00;www.standartnews.com;1.567384;1194;1.253907
2023-12-08T00:00:00;news.php;0.001698;1;0.001358
2023-12-08T00:00:00;www.mirchi9.com;0.007457;11;0.005966
2023-12-08T00:00:00;britishmalayali.co.uk;0.059842;330;0.047874
2023-12-20T00:00:00;www.westernjournal.com;0.059259;31;0.047407
2023-12-20T00:00:00;www.becauseofthemwecan.com;0.090884;196;0.072707
2023-12-05T00:00:00;news.php;0.001368;2;0.001094
2023-12-05T00:00:00;lazycooking.com;0.652150;122;0.521720
2023-12-17T00:00:00;theprint.in;1.672874;4174;1.338299
2023-12-17T00:00:00;www.mirchi9.com;0.022803;50;0.018242
2023-12-17T00:00:00;britishmalayali.co.uk;0.014933;34;0.011946
2023-12-17T00:00:00;www.becauseofthemwecan.com;1.263509;2701;1.010807
2023-12-09T00:00:00;www.stilt.com;1.023900;467;0.819120
2023-12-09T00:00:00;nowtoronto.com;0.155872;173;0.124698
2023-12-09T00:00:00;www.shmoop.com;0.189689;146;0.151751
2023-12-09T00:00:00;kookmutsjes.com;4.203474;3810;3.362779
2023-12-09T00:00:00;commandcooking.com;4.613744;1133;3.690995
2023-12-01T00:00:00;thewire.in;0.504995;196;0.403996
2023-12-01T00:00:00;easiereats.com;0.331267;126;0.265014
2023-12-01T00:00:00;glamourfame.com;0.063906;52;0.051125
2023-12-13T00:00:00;theprint.in;1.706929;4030;1.365543
2023-12-13T00:00:00;chartink.com;0.048557;16;0.038846
2023-12-13T00:00:00;wordthirst.com;0.257366;161;0.205893
2023-12-13T00:00:00;glamourpath.com;0.030939;37;0.024751
2023-12-13T00:00:00;www.downtoearth.org.in;0.125325;354;0.100260
2023-12-06T00:00:00;www.keralakaumudi.com;0.000402;1;0.000322
2023-12-06T00:00:00;secure.andysautosport.com;0.004616;2;0.003693
2023-12-18T00:00:00;m.thewire.in;0.084981;41;0.067985
2023-12-10T00:00:00;lazycooking.com;0.682115;160;0.545692
2023-12-02T00:00:00;popctrivia.com;0.029919;1;0.023935
2023-12-02T00:00:00;recipesaver.com;2.187343;350;1.749874
2023-12-02T00:00:00;www.riverbender.com;0.048101;20;0.038481
2023-12-14T00:00:00;nowtoronto.com;0.860751;996;0.688601
2023-12-14T00:00:00;www.shmoop.com;0.191839;144;0.153471
2023-12-14T00:00:00;mamascooking.com;0.814008;147;0.651206
2023-12-14T00:00:00;www.marunadanmalayalee.com;0.757439;1789;0.605951
2023-12-07T00:00:00;britishmalayali.co.uk;0.121770;728;0.097416
2023-12-19T00:00:00;news.php;0.000229;1;0.000183
2023-12-19T00:00:00;thewire.in;0.218305;102;0.174644
2023-12-19T00:00:00;glamourfame.com;0.069140;56;0.055312
2023-12-19T00:00:00;www.flickchart.com;1.942584;1713;1.554067
2023-12-11T00:00:00;dev.taxguru.in;0.000173;1;0.000138
2023-12-03T00:00:00;chartink.com;0.016297;17;0.013038
2023-12-03T00:00:00;www.casebriefs.com;0.002882;1;0.002306
2023-12-04T00:00:00;glamourfame.com;0.248294;97;0.198635
2023-12-04T00:00:00;recipesdirect.com;2.122665;350;1.698132
2023-12-04T00:00:00;www.timeshighereducation.com;1.615311;1442;1.292249
2023-12-16T00:00:00;wordthirst.com;0.113288;77;0.090630
2023-12-16T00:00:00;glamourpath.com;0.154325;127;0.123460
2023-12-16T00:00:00;www.popctrivia.com;0.537711;163;0.430169
2023-12-08T00:00:00;www.stilt.com;1.808368;703;1.446694
2023-12-08T00:00:00;calcsimple.com;0.145575;125;0.116460
2023-12-08T00:00:00;www.rmweb.co.uk;0.025551;37;0.020441
2023-12-08T00:00:00;m.riverbender.com;0.239731;313;0.191785
2023-12-08T00:00:00;goodcleanhumor.com;1.135837;310;0.908670
2023-12-20T00:00:00;www.avsim.com;0.114575;187;0.091660
2023-12-20T00:00:00;recipesaver.com;0.159681;44;0.127745
2023-12-12T00:00:00;taxguru.in;0.618585;1415;0.494868
2023-12-12T00:00:00;www.becauseofthemwecan.com;1.245916;1849;0.996733
2023-12-05T00:00:00;www.keralakaumudi.com;0.000780;1;0.000624
2023-12-05T00:00:00;www.marunadanmalayalee.com;0.750915;1902;0.600732
2023-12-17T00:00:00;www.bhaskar.com;0.013560;48;0.010848
2023-12-17T00:00:00;www.rmweb.co.uk;0.006849;21;0.005479
2023-12-17T00:00:00;recipereader.com;2.624661;438;2.099729
2023-12-09T00:00:00;texashillcountry.com;0.243014;121;0.194411
2023-12-01T00:00:00;nowtoronto.com;0.356721;318;0.285377
2023-12-01T00:00:00;www.shmoop.com;0.365150;259;0.292120
2023-12-01T00:00:00;www.andysautosport.com;0.412752;341;0.330202
2023-12-13T00:00:00;epaper.freepressjournal.in;0.012595;13;0.010076
2023-12-06T00:00:00;news.php;0.010893;21;0.008714
2023-12-06T00:00:00;britishmalayali.co.uk;0.017086;114;0.013669
2023-12-18T00:00:00;www.popctrivia.com;0.907358;101;0.725886
2023-12-18T00:00:00;www.westernjournal.com;1.030964;555;0.824771
2023-12-18T00:00:00;cookingprofessionally.com;2.372410;555;1.897928
2023-12-10T00:00:00;www.avsim.com;0.709894;907;0.567915
2023-12-10T00:00:00;funnyeditor.com;0.323476;48;0.258781
2023-12-10T00:00:00;goodcleanhumor.com;1.943792;494;1.555034
2023-12-10T00:00:00;www.standartnews.com;1.047681;620;0.838145
2023-12-02T00:00:00;theprint.in;2.781231;7547;2.224985
2023-12-02T00:00:00;www.mirchi9.com;0.012418;25;0.009934
2023-12-02T00:00:00;www.timeshighereducation.com;1.221917;1354;0.977534
2023-12-14T00:00:00;taxguru.in;0.417154;1029;0.333723
2023-12-07T00:00:00;www.bhaskar.com;0.010502;13;0.008402
2023-12-07T00:00:00;www.rmweb.co.uk;0.019314;11;0.015451
2023-12-07T00:00:00;m.riverbender.com;0.200355;249;0.160284
2023-12-07T00:00:00;heartlandcooking.com;2.918980;809;2.335184
2023-12-07T00:00:00;www.britishmalayali.co.uk;0.211737;1141;0.169390
2023-12-07T00:00:00;epaper.freepressjournal.in;0.057526;52;0.046021
2023-12-19T00:00:00;calcsimple.com;0.104080;58;0.083264
2023-12-19T00:00:00;mybaseguide.com;0.002357;2;0.001886
2023-12-19T00:00:00;mamascooking.com;0.513478;140;0.410782
2023-12-19T00:00:00;commandcooking.com;1.915399;526;1.532319
2023-12-19T00:00:00;www.marunadanmalayalee.com;0.645715;1491;0.516572
2023-12-11T00:00:00;www.binged.com;1.473806;2057;1.179045
2023-12-03T00:00:00;schoolofwordplay.com;0.403431;98;0.322745
2023-12-03T00:00:00;www.freepressjournal.in;0.278216;451;0.222573
2023-12-15T00:00:00;m.thewire.in;0.320149;143;0.256119
2023-12-15T00:00:00;funnyeditor.com;0.297369;53;0.237895
2023-12-15T00:00:00;mamascooking.com;0.785419;163;0.628335
2023-12-15T00:00:00;marriedceleb.com;0.592392;429;0.473914
2023-12-15T00:00:00;goodcleanhumor.com;1.629989;466;1.303991
2023-12-04T00:00:00;m.thewire.in;0.314037;96;0.251230
2023-12-04T00:00:00;nowtoronto.com;0.347234;409;0.277787
2023-12-04T00:00:00;www.shmoop.com;0.476578;281;0.381262
2023-12-04T00:00:00;recipesaver.com;1.395083;212;1.116066
2023-12-04T00:00:00;mamascooking.com;1.095459;219;0.876367
2023-12-16T00:00:00;www.golaurens.com;0.572558;394;0.458046
2023-12-16T00:00:00;www.thenewsminute.com;0.250271;386;0.200217
2023-12-08T00:00:00;taxguru.in;0.177776;379;0.142221
2023-12-08T00:00:00;wordthirst.com;0.553000;303;0.442400
2023-12-08T00:00:00;keralakaumudi.com;1.691973;2028;1.353578
2023-12-08T00:00:00;texashillcountry.com;0.157057;78;0.125646
2023-12-20T00:00:00;easiereats.com;0.005198;1;0.004158
2023-12-20T00:00:00;www.mirchi9.com;0.003059;10;0.002447
2023-12-12T00:00:00;www.thenewsminute.com;0.392922;540;0.314338
2023-12-12T00:00:00;www.britishmalayali.co.uk;0.093986;197;0.075189
2023-12-05T00:00:00;theprint.in;3.225874;6361;2.580699
2023-12-05T00:00:00;www.popctrivia.com;0.985396;268;0.788317
2023-12-05T00:00:00;britishmalayali.co.uk;0.040782;244;0.032626
2023-12-05T00:00:00;www.becauseofthemwecan.com;1.838033;2579;1.470426
2023-12-17T00:00:00;news.php;0.001216;4;0.000973
2023-12-17T00:00:00;www.binged.com;1.152591;1700;0.922073
2023-12-17T00:00:00;lazycooking.com;0.493263;92;0.394610
2023-12-17T00:00:00;www.timeshighereducation.com;1.576630;1776;1.261304
2023-12-09T00:00:00;www.m9.news;0.808737;531;0.646990
2023-12-09T00:00:00;funnyeditor.com;0.256703;70;0.205362
2023-12-09T00:00:00;heartlandcooking.com;5.020895;1457;4.016716
2023-12-01T00:00:00;chartink.com;0.040290;41;0.032232
2023-12-01T00:00:00;www.downtoearth.org.in;0.093159;271;0.074527
2023-12-13T00:00:00;glamourfame.com;0.063508;32;0.050806
2023-12-13T00:00:00;cookingprofessionally.com;0.892684;221;0.714147
2023-12-06T00:00:00;ijr.com;0.099652;116;0.079722
2023-12-06T00:00:00;calcsimple.com;0.293451;201;0.234761
2023-12-06T00:00:00;kookmutsjes.com;1.768983;1772;1.415186
2023-12-06T00:00:00;commandcooking.com;7.804983;3230;6.243986
2023-12-18T00:00:00;recipereader.com;2.113314;372;1.690651
2023-12-18T00:00:00;schoolofwordplay.com;0.178770;38;0.143016
2023-12-10T00:00:00;taxguru.in;0.181911;558;0.145529
2023-12-10T00:00:00;glamourpath.com;0.080181;64;0.064145
2023-12-10T00:00:00;texashillcountry.com;0.139460;75;0.111568
2023-12-10T00:00:00;britishmalayali.co.uk;0.102296;765;0.081837
2023-12-02T00:00:00;www.britishmalayali.co.uk;0.131698;655;0.105358
2023-12-14T00:00:00;www.m9.news;1.006535;744;0.805228
2023-12-14T00:00:00;recipesaver.com;1.216783;216;0.973426
2023-12-07T00:00:00;easiereats.com;0.227231;94;0.181785
2023-12-07T00:00:00;lazycooking.com;0.531376;105;0.425101
2023-12-07T00:00:00;keralakaumudi.com;1.589145;2192;1.271316
2023-12-07T00:00:00;cookingprofessionally.com;1.616359;518;1.293087
2023-12-07T00:00:00;www.timeshighereducation.com;2.437756;1859;1.950205
2023-12-19T00:00:00;theprint.in;2.234272;6314;1.787418
2023-12-19T00:00:00;www.becauseofthemwecan.com;1.104389;1980;0.883511
2023-12-11T00:00:00;m.thewire.in;0.228251;93;0.182601
2023-12-11T00:00:00;kookmutsjes.com;1.455140;1379;1.164112
2023-12-11T00:00:00;www.standartnews.com;0.892367;483;0.713894
2023-12-11T00:00:00;www.marunadanmalayalee.com;0.986639;2129;0.789311
2023-12-03T00:00:00;www.binged.com;1.629628;2306;1.303702
2023-12-03T00:00:00;glamourfame.com;0.086799;73;0.069439
2023-12-04T00:00:00;www.westernjournal.com;1.033143;625;0.826514
2023-12-16T00:00:00;recipesdirect.com;1.084312;163;0.867450
2023-12-08T00:00:00;www.homernews.com;0.017413;26;0.013930
2023-12-08T00:00:00;heartlandcooking.com;4.223100;1131;3.378480
2023-12-20T00:00:00;ijr.com;0.026307;13;0.021046
2023-12-20T00:00:00;mamascooking.com;0.041672;12;0.033338
2023-12-20T00:00:00;marriedceleb.com;0.078688;77;0.062950
2023-12-20T00:00:00;m.riverbender.com;0.007331;19;0.005865
2023-12-20T00:00:00;goodcleanhumor.com;0.170488;48;0.136390
2023-12-20T00:00:00;www.andysautosport.com;0.095212;95;0.076170
2023-12-12T00:00:00;news.php;0.000446;4;0.000357
2023-12-12T00:00:00;thewire.in;0.292109;112;0.233687
2023-12-12T00:00:00;easiereats.com;0.292675;83;0.234140
2023-12-05T00:00:00;www.stilt.com;1.630328;864;1.304262
2023-12-05T00:00:00;kookmutsjes.com;1.228059;1207;0.982447
2023-12-05T00:00:00;schoolofwordplay.com;0.567461;314;0.453969
2023-12-17T00:00:00;www.avsim.com;0.585617;737;0.468494
2023-12-17T00:00:00;marriedceleb.com;0.936469;597;0.749175
2023-12-17T00:00:00;www.andysautosport.com;0.539772;307;0.431818
2023-12-09T00:00:00;www.binged.com;1.827786;2558;1.462229
2023-12-09T00:00:00;britishmalayali.co.uk;0.191623;1013;0.153298
2023-12-01T00:00:00;www.stilt.com;1.839265;734;1.471412
2023-12-01T00:00:00;www.bhaskar.com;0.004235;12;0.003388
2023-12-13T00:00:00;m.thewire.in;0.262298;112;0.209838
2023-12-13T00:00:00;www.avsim.com;0.681645;747;0.545316
2023-12-13T00:00:00;www.shmoop.com;0.201117;126;0.160894
2023-12-13T00:00:00;mybaseguide.com;0.006144;3;0.004915
2023-12-06T00:00:00;keralakaumudi.com;1.563388;2358;1.250710
2023-12-06T00:00:00;www.westernjournal.com;0.693131;404;0.554505
2023-12-18T00:00:00;www.flickchart.com;1.658552;1583;1.326842
2023-12-10T00:00:00;ijr.com;0.115802;111;0.092642
2023-12-10T00:00:00;recipereader.com;4.953416;1009;3.962733
2023-12-02T00:00:00;www.casebriefs.com;0.002947;1;0.002358
2023-12-14T00:00:00;thewire.in;0.220610;115;0.176488
2023-12-14T00:00:00;www.binged.com;1.266387;1657;1.013110
2023-12-14T00:00:00;www.mirchi9.com;0.003417;12;0.002734
2023-12-07T00:00:00;m.thewire.in;0.300543;127;0.240434
2023-12-07T00:00:00;www.homernews.com;0.021003;22;0.016802
2023-12-07T00:00:00;goodcleanhumor.com;0.679323;236;0.543458
2023-12-19T00:00:00;www.bhaskar.com;0.002672;16;0.002138
2023-12-19T00:00:00;www.rmweb.co.uk;0.014453;29;0.011562
2023-12-19T00:00:00;m.riverbender.com;0.227430;392;0.181944
2023-12-19T00:00:00;staging.theprint.in;0.000050;1;0.000040
2023-12-19T00:00:00;schoolofwordplay.com;0.107354;55;0.085883
2023-12-11T00:00:00;www.westernjournal.com;0.825004;436;0.660003
2023-12-11T00:00:00;www.becauseofthemwecan.com;0.453791;507;0.363033
2023-12-15T00:00:00;www.elections.in;0.007978;22;0.006382
2023-12-15T00:00:00;www.thenewsminute.com;0.116664;250;0.093331
2023-12-15T00:00:00;www.freepressjournal.in;0.231312;175;0.185050
2023-12-04T00:00:00;www.stilt.com;1.787263;1041;1.429810
2023-12-04T00:00:00;www.bhaskar.com;0.003092;10;0.002474
2023-12-04T00:00:00;m.riverbender.com;0.191574;358;0.153259
2023-12-04T00:00:00;schoolofwordplay.com;0.294088;150;0.235270
2023-12-04T00:00:00;www.thenewsminute.com;1.305451;2350;1.044361
2023-12-04T00:00:00;www.freepressjournal.in;0.216508;336;0.173206
2023-12-16T00:00:00;www.avsim.com;0.683494;984;0.546795
2023-12-16T00:00:00;recipesaver.com;1.939516;312;1.551613
2023-12-16T00:00:00;commandcooking.com;2.276503;721;1.821202
2023-12-16T00:00:00;www.riverbender.com;0.044810;19;0.035848
2023-12-08T00:00:00;thewire.in;0.259469;111;0.207575
2023-12-08T00:00:00;theprint.in;1.821756;3927;1.457405
2023-12-08T00:00:00;www.timeshighereducation.com;1.895887;1770;1.516710
2023-12-20T00:00:00;keralakaumudi.com;0.297031;429;0.237625
2023-12-20T00:00:00;www.downtoearth.org.in;0.019890;32;0.015912
2023-12-12T00:00:00;www.avsim.com;0.437314;598;0.349851
2023-12-12T00:00:00;funnyeditor.com;0.158956;30;0.127165
2023-12-12T00:00:00;mamascooking.com;1.514774;259;1.211819
2023-12-12T00:00:00;www.riverbender.com;0.121139;48;0.096911
2023-12-12T00:00:00;www.standartnews.com;0.851063;475;0.680850
2023-12-05T00:00:00;thewire.in;0.393990;156;0.315192
2023-12-05T00:00:00;keralakaumudi.com;1.191223;1970;0.952978
2023-12-17T00:00:00;www.popctrivia.com;0.479636;125;0.383709
2023-12-17T00:00:00;www.divyabhaskar.co.in;0.000083;1;0.000066
2023-12-09T00:00:00;m.thewire.in;0.230297;95;0.184238
2023-12-09T00:00:00;mamascooking.com;3.230286;765;2.584229
2023-12-09T00:00:00;goodcleanhumor.com;1.661534;374;1.329227
2023-12-01T00:00:00;www.binged.com;1.565572;2365;1.252458
2023-12-01T00:00:00;lazycooking.com;0.796502;116;0.637202
2023-12-06T00:00:00;www.m9.news;1.454282;903;1.163426
2023-12-06T00:00:00;www.avsim.com;0.512838;675;0.410270
2023-12-06T00:00:00;funnyeditor.com;0.069867;16;0.055894
2023-12-06T00:00:00;www.homernews.com;0.003870;2;0.003096
2023-12-06T00:00:00;schoolofwordplay.com;0.860818;541;0.688654
2023-12-06T00:00:00;epaper.freepressjournal.in;0.051513;41;0.041210
2023-12-18T00:00:00;calcsimple.com;0.096244;97;0.076995
2023-12-18T00:00:00;marriedceleb.com;0.514023;462;0.411218
2023-12-18T00:00:00;m.riverbender.com;0.201588;487;0.161270
2023-12-18T00:00:00;commandcooking.com;1.913375;607;1.530700
2023-12-18T00:00:00;www.thenewsminute.com;0.169720;398;0.135776
2023-12-18T00:00:00;www.andysautosport.com;0.198183;214;0.158546
2023-12-18T00:00:00;www.marunadanmalayalee.com;0.552231;1394;0.441785
2023-12-02T00:00:00;www.m9.news;0.710415;825;0.568332
2023-12-02T00:00:00;www.avsim.com;0.727118;906;0.581694
2023-12-02T00:00:00;heartlandcooking.com;1.782778;532;1.426222
2023-12-14T00:00:00;ijr.com;0.147163;157;0.117730
2023-12-14T00:00:00;goodcleanhumor.com;1.341690;295;1.073352
2023-12-14T00:00:00;www.thenewsminute.com;0.282079;366;0.225663
2023-12-14T00:00:00;www.freepressjournal.in;0.170914;145;0.136731
2023-12-07T00:00:00;glamourpath.com;0.114335;67;0.091468
2023-12-19T00:00:00;lazycooking.com;0.539547;106;0.431638
2023-12-19T00:00:00;keralakaumudi.com;1.372831;2110;1.098265
2023-12-19T00:00:00;cookingprofessionally.com;1.394289;331;1.115431
2023-12-11T00:00:00;www.m9.news;1.239487;1054;0.991590
2023-12-11T00:00:00;recipereader.com;4.852702;894;3.882162
2023-12-11T00:00:00;www.riverbender.com;0.065172;29;0.052138
2023-12-03T00:00:00;www.popctrivia.com;1.406164;318;1.124931
2023-12-03T00:00:00;www.becauseofthemwecan.com;0.964189;1970;0.771351
2023-12-15T00:00:00;glamourfame.com;0.168380;91;0.134704
2023-12-04T00:00:00;www.binged.com;1.119998;1503;0.895998
2023-12-04T00:00:00;lazycooking.com;0.766671;113;0.613337
2023-12-16T00:00:00;taxguru.in;0.095406;134;0.076325
2023-12-16T00:00:00;www.mirchi9.com;0.019556;42;0.015645
2023-12-08T00:00:00;www.shmoop.com;0.125296;79;0.100237
2023-12-08T00:00:00;kookmutsjes.com;1.113964;1242;0.891171
2023-12-08T00:00:00;www.golaurens.com;0.815315;456;0.652252
2023-12-08T00:00:00;staging.theprint.in;0.000098;2;0.000078
2023-12-08T00:00:00;www.andysautosport.com;0.382080;249;0.305664
2023-12-08T00:00:00;www.britishmalayali.co.uk;0.243951;1288;0.195161
2023-12-20T00:00:00;www.m9.news;0.120047;126;0.096038
2023-12-20T00:00:00;schoolofwordplay.com;0.009616;8;0.007693
2023-12-20T00:00:00;epaper.freepressjournal.in;0.000825;2;0.000660
2023-12-12T00:00:00;wordthirst.com;0.178827;124;0.143062
2023-12-12T00:00:00;glamourpath.com;0.097285;52;0.077828
2023-12-12T00:00:00;www.casebriefs.com;0.003565;1;0.002852
2023-12-05T00:00:00;calcsimple.com;0.249579;176;0.199663
2023-12-05T00:00:00;www.homernews.com;0.007926;4;0.006341
2023-12-05T00:00:00;commandcooking.com;2.903566;932;2.322853
2023-12-17T00:00:00;kookmutsjes.com;2.505481;2693;2.004385
2023-12-17T00:00:00;www.elections.in;0.016706;35;0.013365
2023-12-17T00:00:00;heartlandcooking.com;1.743482;485;1.394786
2023-12-17T00:00:00;www.thenewsminute.com;0.172822;327;0.138258
2023-12-17T00:00:00;www.britishmalayali.co.uk;0.074157;152;0.059326
2023-12-09T00:00:00;glamourfame.com;0.079652;46;0.063722
2023-12-09T00:00:00;www.westernjournal.com;0.561100;317;0.448880
2023-12-09T00:00:00;cookingprofessionally.com;3.101137;878;2.480910
2023-12-01T00:00:00;mamascooking.com;1.016313;209;0.813050
2023-12-13T00:00:00;www.bhaskar.com;0.004562;8;0.003650
2023-12-13T00:00:00;www.rmweb.co.uk;0.045260;30;0.036208
2023-12-13T00:00:00;www.thenewsminute.com;0.264750;547;0.211800
2023-12-13T00:00:00;www.freepressjournal.in;0.098727;115;0.078982
2023-12-18T00:00:00;taxguru.in;0.117145;267;0.093716
2023-12-18T00:00:00;wordthirst.com;0.174849;111;0.139879
2023-12-18T00:00:00;keralakaumudi.com;1.312960;1740;1.050368
2023-12-18T00:00:00;www.downtoearth.org.in;0.144663;339;0.115730
2023-12-18T00:00:00;www.becauseofthemwecan.com;1.516124;2836;1.212899
2023-12-10T00:00:00;calcsimple.com;0.115481;63;0.092385
2023-12-10T00:00:00;recipesaver.com;3.122113;595;2.497690
2023-12-10T00:00:00;marriedceleb.com;0.980981;624;0.784785
2023-12-10T00:00:00;www.riverbender.com;0.005307;6;0.004246
2023-12-10T00:00:00;www.marunadanmalayalee.com;0.806799;2145;0.645439
2023-12-14T00:00:00;www.westernjournal.com;0.640664;296;0.512531
2023-12-14T00:00:00;cookingprofessionally.com;0.860900;210;0.688720
2023-12-07T00:00:00;popctrivia.com;0.004716;1;0.003773
2023-12-07T00:00:00;www.golaurens.com;0.749755;400;0.599804
2023-12-19T00:00:00;nowtoronto.com;0.316019;401;0.252815
2023-12-19T00:00:00;www.shmoop.com;0.174412;146;0.139530
2023-12-19T00:00:00;www.homernews.com;0.003604;12;0.002883
2023-12-19T00:00:00;goodcleanhumor.com;1.187505;317;0.950004
2023-12-11T00:00:00;easiereats.com;0.753808;195;0.603046
2023-12-11T00:00:00;www.mirchi9.com;0.017993;27;0.014394
2023-12-11T00:00:00;www.timeshighereducation.com;1.636013;1589;1.308810
2023-12-03T00:00:00;www.bhaskar.com;0.004439;12;0.003551
2023-12-03T00:00:00;recipereader.com;2.445327;366;1.956262
2023-12-03T00:00:00;heartlandcooking.com;1.991715;585;1.593372
2023-12-03T00:00:00;www.thenewsminute.com;0.533150;1200;0.426520
2023-12-03T00:00:00;www.britishmalayali.co.uk;0.225621;1125;0.180497
2023-12-15T00:00:00;calcsimple.com;0.360322;234;0.288258
2023-12-15T00:00:00;mybaseguide.com;0.008038;1;0.006430
2023-12-04T00:00:00;goodcleanhumor.com;1.192612;188;0.954090
2023-12-04T00:00:00;www.marunadanmalayalee.com;0.978473;2418;0.782778
2023-12-16T00:00:00;www.bhaskar.com;0.007449;26;0.005959
2023-12-16T00:00:00;www.rmweb.co.uk;0.014299;35;0.011439
2023-12-16T00:00:00;recipereader.com;2.572842;386;2.058274
2023-12-08T00:00:00;recipesdirect.com;0.898441;181;0.718753
2023-12-08T00:00:00;cookingprofessionally.com;1.920373;468;1.536298
2023-12-12T00:00:00;m.riverbender.com;0.097408;174;0.077926
2023-12-12T00:00:00;epaper.freepressjournal.in;0.023718;25;0.018974
2023-12-05T00:00:00;wordthirst.com;0.459537;238;0.367630
2023-12-05T00:00:00;www.mirchi9.com;0.004147;6;0.003318
2023-12-05T00:00:00;texashillcountry.com;0.204247;159;0.163398
2023-12-17T00:00:00;easiereats.com;0.140358;46;0.112286
2023-12-17T00:00:00;keralakaumudi.com;1.002691;1463;0.802153
2023-12-17T00:00:00;www.flickchart.com;0.926194;1118;0.740955
2023-12-09T00:00:00;mirchi9.com;0.001260;1;0.001008
2023-12-09T00:00:00;www.avsim.com;0.886404;1057;0.709123
2023-12-09T00:00:00;mybaseguide.com;0.025830;12;0.020664
2023-12-09T00:00:00;www.riverbender.com;0.043574;14;0.034859
2023-12-01T00:00:00;glamourpath.com;0.238612;185;0.190890
2023-12-01T00:00:00;www.casebriefs.com;0.003599;1;0.002879
2023-12-13T00:00:00;www.binged.com;1.324157;1994;1.059326
2023-12-13T00:00:00;lazycooking.com;0.451175;85;0.360940
2023-12-06T00:00:00;nowtoronto.com;1.519166;1717;1.215333
2023-12-06T00:00:00;www.shmoop.com;0.410676;267;0.328541
2023-12-06T00:00:00;www.golaurens.com;1.046667;546;0.837334
2023-12-06T00:00:00;goodcleanhumor.com;0.799779;328;0.639823
2023-12-06T00:00:00;www.andysautosport.com;0.731024;473;0.584819
2023-12-18T00:00:00;funnyeditor.com;0.418445;98;0.334756
2023-12-18T00:00:00;www.elections.in;0.001545;15;0.001236
2023-12-18T00:00:00;www.homernews.com;0.004985;18;0.003988
2023-12-18T00:00:00;heartlandcooking.com;1.226238;281;0.980990
2023-12-10T00:00:00;wordthirst.com;0.484592;283;0.387674
2023-12-10T00:00:00;www.mirchi9.com;0.006477;8;0.005182
2023-12-10T00:00:00;www.becauseofthemwecan.com;0.361960;463;0.289568
2023-12-02T00:00:00;m.thewire.in;0.400393;162;0.320314
2023-12-02T00:00:00;calcsimple.com;0.195254;185;0.156203
2023-12-02T00:00:00;kookmutsjes.com;2.098685;1584;1.678948
2023-12-02T00:00:00;mamascooking.com;1.757644;345;1.406115
2023-12-02T00:00:00;www.thenewsminute.com;0.398579;763;0.318863
2023-12-14T00:00:00;schoolofwordplay.com;0.104255;50;0.083404
2023-12-07T00:00:00;recipesdirect.com;1.424056;303;1.139245
2023-12-19T00:00:00;chartink.com;0.109227;77;0.087382
2023-12-19T00:00:00;glamourpath.com;0.127055;114;0.101644
2023-12-19T00:00:00;texashillcountry.com;0.464109;267;0.371287
2023-12-11T00:00:00;nowtoronto.com;1.000648;1209;0.800518
2023-12-11T00:00:00;www.shmoop.com;0.319718;188;0.255774
2023-12-11T00:00:00;marriedceleb.com;0.663437;366;0.530750
2023-12-11T00:00:00;m.riverbender.com;0.093490;129;0.074792
2023-12-11T00:00:00;www.andysautosport.com;0.366451;258;0.293161
2023-12-03T00:00:00;thewire.in;1.461723;546;1.169378
2023-12-03T00:00:00;easiereats.com;0.439184;176;0.351347
2023-12-03T00:00:00;lazycooking.com;0.889930;159;0.711944
2023-12-03T00:00:00;www.flickchart.com;0.818420;825;0.654736
2023-12-15T00:00:00;www.popctrivia.com;0.495066;174;0.396053
2023-12-04T00:00:00;www.casebriefs.com;0.008177;2;0.006542
2023-12-04T00:00:00;www.downtoearth.org.in;0.138580;361;0.110864
2023-12-04T00:00:00;www.becauseofthemwecan.com;2.065568;2552;1.652454
2023-12-16T00:00:00;thewire.in;0.177624;80;0.142099
2023-12-16T00:00:00;lazycooking.com;0.441016;90;0.352813
2023-12-16T00:00:00;www.timeshighereducation.com;1.307739;1640;1.046191
2023-12-08T00:00:00;www.m9.news;1.394691;826;1.115753
2023-12-08T00:00:00;www.avsim.com;0.791405;908;0.633124
2023-12-08T00:00:00;funnyeditor.com;0.242190;34;0.193752
2023-12-20T00:00:00;kookmutsjes.com;0.456203;398;0.364962
2023-12-20T00:00:00;www.golaurens.com;0.036301;40;0.029041
2023-12-12T00:00:00;latest.php;0.000519;2;0.000415
2023-12-12T00:00:00;glamourfame.com;0.032369;32;0.025895
2023-12-12T00:00:00;keralakaumudi.com;1.480117;1914;1.184094
2023-12-05T00:00:00;recipereader.com;2.621119;524;2.096895
2023-12-05T00:00:00;www.golaurens.com;1.402540;753;1.122032
2023-12-05T00:00:00;heartlandcooking.com;3.333808;1131;2.667046
2023-12-05T00:00:00;www.thenewsminute.com;0.580321;1266;0.464257
2023-12-05T00:00:00;epaper.freepressjournal.in;0.008338;7;0.006670
2023-12-17T00:00:00;www.homernews.com;0.011693;11;0.009354
2023-12-17T00:00:00;commandcooking.com;1.719193;371;1.375354
2023-12-17T00:00:00;secure.andysautosport.com;0.000216;1;0.000173
2023-12-17T00:00:00;www.marunadanmalayalee.com;0.670436;1554;0.536349
2023-12-09T00:00:00;theprint.in;2.567190;4439;2.053752
2023-12-09T00:00:00;easiereats.com;0.886984;229;0.709587
2023-12-01T00:00:00;schoolofwordplay.com;0.305394;122;0.244315
2023-12-01T00:00:00;www.thenewsminute.com;0.341905;624;0.273524
2023-12-13T00:00:00;goodcleanhumor.com;1.150352;307;0.920282
2023-12-06T00:00:00;glamourfame.com;0.089382;82;0.071506
2023-12-06T00:00:00;recipesdirect.com;1.303265;270;1.042612
2023-12-06T00:00:00;texashillcountry.com;0.362050;216;0.289640
2023-12-06T00:00:00;www.divyabhaskar.co.in;0.003395;2;0.002716
2023-12-06T00:00:00;www.downtoearth.org.in;0.165327;416;0.132262
2023-12-18T00:00:00;thewire.in;0.238813;81;0.191050
2023-12-18T00:00:00;theprint.in;2.639832;6017;2.111866
2023-12-18T00:00:00;glamourpath.com;0.137919;97;0.110335
2023-12-10T00:00:00;www.bhaskar.com;0.002090;18;0.001672
2023-12-10T00:00:00;www.rmweb.co.uk;0.025630;55;0.020504
2023-12-10T00:00:00;m.riverbender.com;0.050281;88;0.040225
2023-12-02T00:00:00;www.popctrivia.com;0.793211;195;0.634569
2023-12-02T00:00:00;www.westernjournal.com;1.708299;945;1.366639
2023-12-02T00:00:00;www.becauseofthemwecan.com;1.684458;3535;1.347566
2023-12-14T00:00:00;theprint.in;1.762329;5199;1.409863
2023-12-14T00:00:00;www.timeshighereducation.com;1.935252;1632;1.548202
2023-12-07T00:00:00;recipesaver.com;1.208651;200;0.966921
2023-12-07T00:00:00;mamascooking.com;1.045945;212;0.836756
2023-12-07T00:00:00;www.standartnews.com;0.827453;699;0.661962
2023-12-19T00:00:00;ijr.com;0.069479;69;0.055583
2023-12-19T00:00:00;www.stilt.com;4.077067;1464;3.261654
2023-12-19T00:00:00;www.golaurens.com;1.038830;593;0.831064
2023-12-19T00:00:00;heartlandcooking.com;0.986146;262;0.788917
2023-12-19T00:00:00;epaper.freepressjournal.in;0.062134;29;0.049707
2023-12-11T00:00:00;keralakaumudi.com;2.081140;2613;1.664912
2023-12-11T00:00:00;www.divyabhaskar.co.in;0.000932;1;0.000746
2023-12-11T00:00:00;www.downtoearth.org.in;0.123728;306;0.098982
2023-12-03T00:00:00;funnyeditor.com;0.098020;10;0.078416
2023-12-03T00:00:00;marriedceleb.com;0.817317;634;0.653854
2023-12-03T00:00:00;commandcooking.com;2.530970;784;2.024776
2023-12-03T00:00:00;secure.andysautosport.com;0.000369;1;0.000295
2023-12-15T00:00:00;www.stilt.com;4.421370;1214;3.537096
2023-12-15T00:00:00;www.bhaskar.com;0.007332;46;0.005866
2023-12-15T00:00:00;www.rmweb.co.uk;0.028700;63;0.022960
2023-12-15T00:00:00;schoolofwordplay.com;0.272465;131;0.217972
2023-12-04T00:00:00;kookmutsjes.com;0.740575;834;0.592460
2023-12-04T00:00:00;heartlandcooking.com;1.459250;521;1.167400
2023-12-04T00:00:00;www.britishmalayali.co.uk;0.196275;1128;0.157020
2023-12-16T00:00:00;marriedceleb.com;0.669108;470;0.535286
2023-12-16T00:00:00;goodcleanhumor.com;2.869807;927;2.295846
2023-12-16T00:00:00;www.keralakaumudi.com;0.003985;7;0.003188
2023-12-08T00:00:00;www.binged.com;2.634117;2396;2.107294
2023-12-08T00:00:00;www.flickchart.com;0.654872;745;0.523898
2023-12-20T00:00:00;recipesdirect.com;0.118096;23;0.094477
2023-12-20T00:00:00;texashillcountry.com;0.194328;83;0.155462
2023-12-12T00:00:00;mybaseguide.com;0.021592;8;0.017274
2023-12-12T00:00:00;www.homernews.com;0.012581;14;0.010065
2023-12-12T00:00:00;www.keralakaumudi.com;0.003072;2;0.002458
2023-12-12T00:00:00;www.marunadanmalayalee.com;0.658527;1634;0.526822
2023-12-05T00:00:00;recipesdirect.com;1.353665;272;1.082932
2023-12-05T00:00:00;cookingprofessionally.com;1.180111;280;0.944089
2023-12-05T00:00:00;www.timeshighereducation.com;2.144409;1543;1.715527
2023-12-17T00:00:00;chartink.com;0.016456;16;0.013165
2023-12-09T00:00:00;ijr.com;0.126242;88;0.100994
2023-12-09T00:00:00;www.bhaskar.com;0.001264;8;0.001011
2023-12-09T00:00:00;www.standartnews.com;1.037562;711;0.830050
2023-12-09T00:00:00;www.andysautosport.com;0.466504;285;0.373203
2023-12-09T00:00:00;www.marunadanmalayalee.com;0.854547;2006;0.683638
2023-12-01T00:00:00;www.timeshighereducation.com;1.351868;1444;1.081494
2023-12-13T00:00:00;taxguru.in;0.720741;1529;0.576593
2023-12-13T00:00:00;www.divyabhaskar.co.in;0.000986;1;0.000789
2023-12-06T00:00:00;mirchi9.com;0.000677;1;0.000542
2023-12-06T00:00:00;mybaseguide.com;0.014902;8;0.011922
2023-12-06T00:00:00;recipereader.com;2.049228;474;1.639382
2023-12-06T00:00:00;heartlandcooking.com;4.269593;1285;3.415674
2023-12-18T00:00:00;www.golaurens.com;0.855667;481;0.684534
2023-12-18T00:00:00;goodcleanhumor.com;1.370758;373;1.096606
2023-12-18T00:00:00;www.britishmalayali.co.uk;0.098796;255;0.079037
2023-12-10T00:00:00;keralakaumudi.com;1.307463;1906;1.045970
2023-12-10T00:00:00;cookingprofessionally.com;1.270420;270;1.016336
2023-12-02T00:00:00;funnyeditor.com;0.069730;12;0.055784
2023-12-02T00:00:00;schoolofwordplay.com;0.204754;79;0.163803
2023-12-14T00:00:00;calcsimple.com;0.191698;191;0.153358
2023-12-14T00:00:00;kookmutsjes.com;1.020025;1058;0.816020
2023-12-14T00:00:00;www.andysautosport.com;0.297967;270;0.238374
2023-12-07T00:00:00;taxguru.in;0.732375;873;0.585900
2023-12-07T00:00:00;chartink.com;0.047003;48;0.037602
2023-12-07T00:00:00;www.mirchi9.com;0.007004;6;0.005603
2023-12-07T00:00:00;texashillcountry.com;0.472105;254;0.377684
2023-12-19T00:00:00;www.binged.com;1.223242;1552;0.978594
2023-12-19T00:00:00;recipesdirect.com;1.012243;193;0.809794
2023-12-11T00:00:00;mybaseguide.com;0.007483;5;0.005986
2023-12-11T00:00:00;www.homernews.com;0.040566;24;0.032453
2023-12-11T00:00:00;epaper.freepressjournal.in;0.046346;38;0.037077
2023-12-03T00:00:00;glamourpath.com;0.156817;129;0.125454
2023-12-03T00:00:00;www.westernjournal.com;1.070924;570;0.856739
2023-12-15T00:00:00;lazycooking.com;0.728040;136;0.582432
2023-12-15T00:00:00;www.flickchart.com;1.064703;1445;0.851762
2023-12-15T00:00:00;cookingprofessionally.com;0.847614;166;0.678091
2023-12-15T00:00:00;www.timeshighereducation.com;1.597298;1700;1.277838
2023-12-04T00:00:00;easiereats.com;0.173089;87;0.138471
2023-12-04T00:00:00;cookingprofessionally.com;2.808395;644;2.246716
2023-12-16T00:00:00;britishmalayali.co.uk;0.031252;55;0.025002
2023-12-16T00:00:00;www.westernjournal.com;0.813670;380;0.650936
2023-12-08T00:00:00;mamascooking.com;1.569036;312;1.255229
2023-12-08T00:00:00;marriedceleb.com;0.561891;334;0.449513
2023-12-08T00:00:00;www.standartnews.com;0.951924;1120;0.761539
2023-12-20T00:00:00;mirchi9.com;0.002785;1;0.002228
2023-12-20T00:00:00;funnyeditor.com;0.004887;2;0.003910
2023-12-20T00:00:00;heartlandcooking.com;0.109303;20;0.087442
2023-12-12T00:00:00;chartink.com;0.040567;10;0.032454
2023-12-12T00:00:00;www.popctrivia.com;0.372747;110;0.298198
2023-12-12T00:00:00;britishmalayali.co.uk;0.014532;57;0.011626
